pdb_id,method,resolution,rfree,uniprot,subfamily,symbol
1NAV,X-RAY DIFFRACTION,2.5,0.279,P10827,NR1A,THRA
2H77,X-RAY DIFFRACTION,2.33,0.238,P10827,NR1A,THRA
2H79,X-RAY DIFFRACTION,1.87,0.187,P10827,NR1A,THRA
3HZF,X-RAY DIFFRACTION,2.5,0.26293,P10827,NR1A,THRA
3ILZ,X-RAY DIFFRACTION,1.85,0.188,P10827,NR1A,THRA
3JZB,X-RAY DIFFRACTION,2.007,0.1985,P10827,NR1A,THRA
4LNW,X-RAY DIFFRACTION,1.9,0.184,P10827,NR1A,THRA
4LNX,X-RAY DIFFRACTION,2.05,0.177,P10827,NR1A,THRA
7QDT,X-RAY DIFFRACTION,3.0,0.22754,P10827,NR1A,THRA
8RQO,X-RAY DIFFRACTION,2.74,0.22784,P10827,NR1A,THRA
1N46,X-RAY DIFFRACTION,2.2,0.25621,P10828,NR1A,THRB
1NAX,X-RAY DIFFRACTION,2.7,0.237,P10828,NR1A,THRB
1NQ0,X-RAY DIFFRACTION,2.4,0.2579,P10828,NR1A,THRB
1NQ1,X-RAY DIFFRACTION,2.9,0.287,P10828,NR1A,THRB
1NQ2,X-RAY DIFFRACTION,2.4,0.2642,P10828,NR1A,THRB
1Q4X,X-RAY DIFFRACTION,2.8,0.264,P10828,NR1A,THRB
1XZX,X-RAY DIFFRACTION,2.5,0.244,P10828,NR1A,THRB
1Y0X,X-RAY DIFFRACTION,3.1,0.266,P10828,NR1A,THRB
2J4A,X-RAY DIFFRACTION,2.2,0.2729,P10828,NR1A,THRB
2NLL,X-RAY DIFFRACTION,1.9,0.269,P10828,NR1A,THRB
2PIN,X-RAY DIFFRACTION,2.3,0.256,P10828,NR1A,THRB
3D57,X-RAY DIFFRACTION,2.2,0.24,P10828,NR1A,THRB
3GWS,X-RAY DIFFRACTION,2.2,0.233,P10828,NR1A,THRB
3IMY,X-RAY DIFFRACTION,2.55,0.271,P10828,NR1A,THRB
3JZC,X-RAY DIFFRACTION,2.5,0.2456,P10828,NR1A,THRB
4ZO1,X-RAY DIFFRACTION,3.221,0.2813,P10828,NR1A,THRB
6KKE,X-RAY DIFFRACTION,2.577,0.2167,P10828,NR1A,THRB
6KNU,X-RAY DIFFRACTION,2.7,0.2312,P10828,NR1A,THRB
6KNV,X-RAY DIFFRACTION,2.8,0.2648,P10828,NR1A,THRB
6KNW,X-RAY DIFFRACTION,2.67,0.2442,P10828,NR1A,THRB
7WLX,X-RAY DIFFRACTION,2.39,0.2697,P10828,NR1A,THRB
7WMG,X-RAY DIFFRACTION,2.93,0.2984,P10828,NR1A,THRB
7WMH,X-RAY DIFFRACTION,1.97,0.2528,P10828,NR1A,THRB
7WMJ,X-RAY DIFFRACTION,2.81,0.2738,P10828,NR1A,THRB
7WML,X-RAY DIFFRACTION,2.67,0.2451,P10828,NR1A,THRB
7WMN,X-RAY DIFFRACTION,2.57,0.261,P10828,NR1A,THRB
7WMO,X-RAY DIFFRACTION,2.56,0.2407,P10828,NR1A,THRB
8RQN,X-RAY DIFFRACTION,2.88,0.26237,P10828,NR1A,THRB
9IX5,X-RAY DIFFRACTION,2.65,0.2766,P10828,NR1A,THRB
9J0K,X-RAY DIFFRACTION,2.698,0.2748,P10828,NR1A,THRB
1DKF,X-RAY DIFFRACTION,2.5,0.262,P10276,NR1B,RARA
3A9E,X-RAY DIFFRACTION,2.75,0.2639,P10276,NR1B,RARA
3KMR,X-RAY DIFFRACTION,1.8,0.23716,P10276,NR1B,RARA
3KMZ,X-RAY DIFFRACTION,2.1,0.22973,P10276,NR1B,RARA
4DQM,X-RAY DIFFRACTION,2.75,0.2594,P10276,NR1B,RARA
5K13,X-RAY DIFFRACTION,1.85,0.2223,P10276,NR1B,RARA
6XWG,X-RAY DIFFRACTION,2.4,0.207,P10276,NR1B,RARA
7AOS,X-RAY DIFFRACTION,2.55,0.2623,P10276,NR1B,RARA
7APO,X-RAY DIFFRACTION,2.4,0.2407,P10276,NR1B,RARA
7QAA,X-RAY DIFFRACTION,2.76,0.245,P10276,NR1B,RARA
7WQQ,X-RAY DIFFRACTION,1.9,0.2056,P10276,NR1B,RARA
9GFI,X-RAY DIFFRACTION,2.1,0.2716,P10276,NR1B,RARA
1XAP,X-RAY DIFFRACTION,2.1,0.253,P10826,NR1B,RARB
4DM6,X-RAY DIFFRACTION,1.9,0.239,P10826,NR1B,RARB
4DM8,X-RAY DIFFRACTION,2.3,0.277,P10826,NR1B,RARB
4JYG,X-RAY DIFFRACTION,2.35,0.257,P10826,NR1B,RARB
4JYH,X-RAY DIFFRACTION,2.6,0.2672,P10826,NR1B,RARB
4JYI,X-RAY DIFFRACTION,1.9,0.2272,P10826,NR1B,RARB
6SSQ,X-RAY DIFFRACTION,2.3,0.2081,P10826,NR1B,RARB
3LBD,X-RAY DIFFRACTION,2.4,0.267,P13631,NR1B,RARG
4LBD,X-RAY DIFFRACTION,2.5,0.285,P13631,NR1B,RARG
6FX0,X-RAY DIFFRACTION,1.9,0.224,P13631,NR1B,RARG
1I7G,X-RAY DIFFRACTION,2.2,0.271,Q07869,NR1C,PPARA
1K7L,X-RAY DIFFRACTION,2.5,0.284,Q07869,NR1C,PPARA
1KKQ,X-RAY DIFFRACTION,3.0,0.29,Q07869,NR1C,PPARA
2NPA,X-RAY DIFFRACTION,2.3,0.26,Q07869,NR1C,PPARA
2REW,X-RAY DIFFRACTION,2.35,0.245,Q07869,NR1C,PPARA
2ZNN,X-RAY DIFFRACTION,2.01,0.253,Q07869,NR1C,PPARA
3ET1,X-RAY DIFFRACTION,2.5,0.258,Q07869,NR1C,PPARA
3FEI,X-RAY DIFFRACTION,2.4,0.25972,Q07869,NR1C,PPARA
3G8I,X-RAY DIFFRACTION,2.2,0.26149,Q07869,NR1C,PPARA
3KDU,X-RAY DIFFRACTION,2.07,0.239,Q07869,NR1C,PPARA
3SP6,X-RAY DIFFRACTION,2.21,0.2388,Q07869,NR1C,PPARA
4BCR,X-RAY DIFFRACTION,2.497,0.2157,Q07869,NR1C,PPARA
4CI4,X-RAY DIFFRACTION,2.302,0.2579,Q07869,NR1C,PPARA
5HYK,X-RAY DIFFRACTION,1.83,0.2618,Q07869,NR1C,PPARA
6KB2,X-RAY DIFFRACTION,1.95,0.244,Q07869,NR1C,PPARA
6KB5,X-RAY DIFFRACTION,1.95,0.221,Q07869,NR1C,PPARA
6KB7,X-RAY DIFFRACTION,2.14,0.2376,Q07869,NR1C,PPARA
6KBA,X-RAY DIFFRACTION,1.82,0.2358,Q07869,NR1C,PPARA
6KXX,X-RAY DIFFRACTION,1.95,0.2362,Q07869,NR1C,PPARA
6KXY,X-RAY DIFFRACTION,2.0,0.2571,Q07869,NR1C,PPARA
6KYP,X-RAY DIFFRACTION,2.86,0.2442,Q07869,NR1C,PPARA
6L36,X-RAY DIFFRACTION,3.301,0.2495,Q07869,NR1C,PPARA
6L37,X-RAY DIFFRACTION,2.91,0.2476,Q07869,NR1C,PPARA
6L38,X-RAY DIFFRACTION,2.761,0.2583,Q07869,NR1C,PPARA
6L96,X-RAY DIFFRACTION,3.2,0.25272,Q07869,NR1C,PPARA
6LX4,X-RAY DIFFRACTION,2.13,0.2298,Q07869,NR1C,PPARA
6LX5,X-RAY DIFFRACTION,1.87,0.2209,Q07869,NR1C,PPARA
6LXB,X-RAY DIFFRACTION,2.36,0.239,Q07869,NR1C,PPARA
6LXC,X-RAY DIFFRACTION,2.03,0.2173,Q07869,NR1C,PPARA
7BPY,X-RAY DIFFRACTION,2.09,0.2155,Q07869,NR1C,PPARA
7BPZ,X-RAY DIFFRACTION,2.43,0.2421,Q07869,NR1C,PPARA
7BQ3,X-RAY DIFFRACTION,1.98,0.2371,Q07869,NR1C,PPARA
7C6Q,X-RAY DIFFRACTION,2.76,0.2609,Q07869,NR1C,PPARA
8HUK,X-RAY DIFFRACTION,2.981,0.2537,Q07869,NR1C,PPARA
8HUN,X-RAY DIFFRACTION,2.01,0.2283,Q07869,NR1C,PPARA
8RCE,X-RAY DIFFRACTION,3.0,0.29981,Q07869,NR1C,PPARA
8YT6,X-RAY DIFFRACTION,1.85,0.2651,Q07869,NR1C,PPARA
8YTL,X-RAY DIFFRACTION,2.0,0.2603,Q07869,NR1C,PPARA
8YU8,X-RAY DIFFRACTION,1.95,0.2594,Q07869,NR1C,PPARA
8YWV,X-RAY DIFFRACTION,2.01,0.2511,Q07869,NR1C,PPARA
9IWJ,X-RAY DIFFRACTION,2.48,0.2543,Q07869,NR1C,PPARA
9IWL,X-RAY DIFFRACTION,2.09,0.2357,Q07869,NR1C,PPARA
1Y0S,X-RAY DIFFRACTION,2.65,0.261,Q03181,NR1C,PPARD
2AWH,X-RAY DIFFRACTION,2.0,0.259,Q03181,NR1C,PPARD
2B50,X-RAY DIFFRACTION,2.0,0.249,Q03181,NR1C,PPARD
2BAW,X-RAY DIFFRACTION,2.3,0.276,Q03181,NR1C,PPARD
2GWX,X-RAY DIFFRACTION,2.3,0.288,Q03181,NR1C,PPARD
2J14,X-RAY DIFFRACTION,2.8,0.284,Q03181,NR1C,PPARD
2XYJ,X-RAY DIFFRACTION,2.3,0.25,Q03181,NR1C,PPARD
2XYW,X-RAY DIFFRACTION,3.14,0.2465,Q03181,NR1C,PPARD
2XYX,X-RAY DIFFRACTION,2.7,0.2637,Q03181,NR1C,PPARD
2ZNP,X-RAY DIFFRACTION,3.0,0.288,Q03181,NR1C,PPARD
2ZNQ,X-RAY DIFFRACTION,2.65,0.276,Q03181,NR1C,PPARD
3D5F,X-RAY DIFFRACTION,2.2,0.281,Q03181,NR1C,PPARD
3DY6,X-RAY DIFFRACTION,2.9,0.24445,Q03181,NR1C,PPARD
3ET2,X-RAY DIFFRACTION,2.24,0.242,Q03181,NR1C,PPARD
3GZ9,X-RAY DIFFRACTION,2.0,0.245,Q03181,NR1C,PPARD
3OZ0,X-RAY DIFFRACTION,3.0,0.27048,Q03181,NR1C,PPARD
3PEQ,X-RAY DIFFRACTION,2.4,0.23667,Q03181,NR1C,PPARD
3SP9,X-RAY DIFFRACTION,2.3,0.2526,Q03181,NR1C,PPARD
3TKM,X-RAY DIFFRACTION,1.953,0.2454,Q03181,NR1C,PPARD
5U3R,X-RAY DIFFRACTION,1.95,0.2326,Q03181,NR1C,PPARD
5U3S,X-RAY DIFFRACTION,2.0,0.2464,Q03181,NR1C,PPARD
5U3U,X-RAY DIFFRACTION,2.1,0.2611,Q03181,NR1C,PPARD
5U3V,X-RAY DIFFRACTION,1.84,0.2445,Q03181,NR1C,PPARD
5U3W,X-RAY DIFFRACTION,1.8,0.2428,Q03181,NR1C,PPARD
5U3X,X-RAY DIFFRACTION,2.1,0.2748,Q03181,NR1C,PPARD
5U3Y,X-RAY DIFFRACTION,1.9,0.2458,Q03181,NR1C,PPARD
5U40,X-RAY DIFFRACTION,2.0,0.2295,Q03181,NR1C,PPARD
5U41,X-RAY DIFFRACTION,1.9,0.2689,Q03181,NR1C,PPARD
5U43,X-RAY DIFFRACTION,1.9,0.2384,Q03181,NR1C,PPARD
5U44,X-RAY DIFFRACTION,2.15,0.2526,Q03181,NR1C,PPARD
5U45,X-RAY DIFFRACTION,1.95,0.2414,Q03181,NR1C,PPARD
5U46,X-RAY DIFFRACTION,2.0,0.2214,Q03181,NR1C,PPARD
5XMX,X-RAY DIFFRACTION,2.0,0.28181,Q03181,NR1C,PPARD
5ZXI,X-RAY DIFFRACTION,2.1,0.28073,Q03181,NR1C,PPARD
6A6P,X-RAY DIFFRACTION,2.1,0.2278,Q03181,NR1C,PPARD
7VWE,X-RAY DIFFRACTION,3.0,0.2321,Q03181,NR1C,PPARD
7VWF,X-RAY DIFFRACTION,1.9,0.2181,Q03181,NR1C,PPARD
7VWG,X-RAY DIFFRACTION,2.2,0.2316,Q03181,NR1C,PPARD
7VWH,X-RAY DIFFRACTION,2.1,0.2397,Q03181,NR1C,PPARD
7W0G,X-RAY DIFFRACTION,2.443,0.2365,Q03181,NR1C,PPARD
7WGL,X-RAY DIFFRACTION,2.091,0.2258,Q03181,NR1C,PPARD
7WGN,X-RAY DIFFRACTION,1.813,0.2548,Q03181,NR1C,PPARD
8HF8,X-RAY DIFFRACTION,2.11,0.2296,Q03181,NR1C,PPARD
8HUL,X-RAY DIFFRACTION,2.461,0.2433,Q03181,NR1C,PPARD
8HUO,X-RAY DIFFRACTION,2.671,0.2521,Q03181,NR1C,PPARD
1FM6,X-RAY DIFFRACTION,2.1,0.292,P37231,NR1C,PPARG
1FM9,X-RAY DIFFRACTION,2.1,0.268,P37231,NR1C,PPARG
1I7I,X-RAY DIFFRACTION,2.35,0.284,P37231,NR1C,PPARG
1K74,X-RAY DIFFRACTION,2.3,0.279,P37231,NR1C,PPARG
1KNU,X-RAY DIFFRACTION,2.5,0.264,P37231,NR1C,PPARG
1RDT,X-RAY DIFFRACTION,2.4,0.259,P37231,NR1C,PPARG
1WM0,X-RAY DIFFRACTION,2.9,0.29541,P37231,NR1C,PPARG
1ZEO,X-RAY DIFFRACTION,2.5,0.28,P37231,NR1C,PPARG
1ZGY,X-RAY DIFFRACTION,1.8,0.258,P37231,NR1C,PPARG
2ATH,X-RAY DIFFRACTION,2.28,0.288,P37231,NR1C,PPARG
2F4B,X-RAY DIFFRACTION,2.07,0.28835,P37231,NR1C,PPARG
2FVJ,X-RAY DIFFRACTION,1.99,0.24586,P37231,NR1C,PPARG
2G0G,X-RAY DIFFRACTION,2.54,0.264,P37231,NR1C,PPARG
2G0H,X-RAY DIFFRACTION,2.3,0.293,P37231,NR1C,PPARG
2GTK,X-RAY DIFFRACTION,2.1,0.26075,P37231,NR1C,PPARG
2HFP,X-RAY DIFFRACTION,2.0,0.285,P37231,NR1C,PPARG
2HWQ,X-RAY DIFFRACTION,1.97,0.2646,P37231,NR1C,PPARG
2I4J,X-RAY DIFFRACTION,2.1,0.278,P37231,NR1C,PPARG
2I4P,X-RAY DIFFRACTION,2.1,0.295,P37231,NR1C,PPARG
2I4Z,X-RAY DIFFRACTION,2.25,0.29,P37231,NR1C,PPARG
2OM9,X-RAY DIFFRACTION,2.8,0.267,P37231,NR1C,PPARG
2P4Y,X-RAY DIFFRACTION,2.25,0.274,P37231,NR1C,PPARG
2POB,X-RAY DIFFRACTION,2.3,0.27302,P37231,NR1C,PPARG
2PRG,X-RAY DIFFRACTION,2.3,0.264,P37231,NR1C,PPARG
2Q59,X-RAY DIFFRACTION,2.2,0.23,P37231,NR1C,PPARG
2Q5P,X-RAY DIFFRACTION,2.3,0.247,P37231,NR1C,PPARG
2Q5S,X-RAY DIFFRACTION,2.05,0.245,P37231,NR1C,PPARG
2Q61,X-RAY DIFFRACTION,2.197,0.229,P37231,NR1C,PPARG
2Q6R,X-RAY DIFFRACTION,2.407,0.284,P37231,NR1C,PPARG
2Q6S,X-RAY DIFFRACTION,2.4,0.264,P37231,NR1C,PPARG
2Q8S,X-RAY DIFFRACTION,2.3,0.28223,P37231,NR1C,PPARG
2VSR,X-RAY DIFFRACTION,2.05,0.266,P37231,NR1C,PPARG
2VST,X-RAY DIFFRACTION,2.35,0.274,P37231,NR1C,PPARG
2VV0,X-RAY DIFFRACTION,2.55,0.261,P37231,NR1C,PPARG
2VV1,X-RAY DIFFRACTION,2.2,0.277,P37231,NR1C,PPARG
2VV2,X-RAY DIFFRACTION,2.75,0.263,P37231,NR1C,PPARG
2VV3,X-RAY DIFFRACTION,2.85,0.252,P37231,NR1C,PPARG
2VV4,X-RAY DIFFRACTION,2.35,0.252,P37231,NR1C,PPARG
2XKW,X-RAY DIFFRACTION,2.02,0.202,P37231,NR1C,PPARG
2YFE,X-RAY DIFFRACTION,2.0,0.25385,P37231,NR1C,PPARG
2ZK2,X-RAY DIFFRACTION,2.26,0.299,P37231,NR1C,PPARG
2ZK3,X-RAY DIFFRACTION,2.58,0.299,P37231,NR1C,PPARG
2ZK6,X-RAY DIFFRACTION,2.41,0.299,P37231,NR1C,PPARG
2ZNO,X-RAY DIFFRACTION,2.4,0.286,P37231,NR1C,PPARG
2ZVT,X-RAY DIFFRACTION,1.9,0.275,P37231,NR1C,PPARG
3ADS,X-RAY DIFFRACTION,2.25,0.277,P37231,NR1C,PPARG
3ADT,X-RAY DIFFRACTION,2.7,0.283,P37231,NR1C,PPARG
3ADU,X-RAY DIFFRACTION,2.77,0.276,P37231,NR1C,PPARG
3ADV,X-RAY DIFFRACTION,2.27,0.267,P37231,NR1C,PPARG
3ADW,X-RAY DIFFRACTION,2.07,0.265,P37231,NR1C,PPARG
3ADX,X-RAY DIFFRACTION,1.95,0.275,P37231,NR1C,PPARG
3AN3,X-RAY DIFFRACTION,2.3,0.278,P37231,NR1C,PPARG
3AN4,X-RAY DIFFRACTION,2.3,0.288,P37231,NR1C,PPARG
3B0Q,X-RAY DIFFRACTION,2.1,0.22945,P37231,NR1C,PPARG
3B0R,X-RAY DIFFRACTION,2.15,0.24917,P37231,NR1C,PPARG
3BC5,X-RAY DIFFRACTION,2.27,0.249,P37231,NR1C,PPARG
3CDP,X-RAY DIFFRACTION,2.8,0.298,P37231,NR1C,PPARG
3CS8,X-RAY DIFFRACTION,2.3,0.28185,P37231,NR1C,PPARG
3CWD,X-RAY DIFFRACTION,2.4,0.29002,P37231,NR1C,PPARG
3DZU,X-RAY DIFFRACTION,3.2,0.272,P37231,NR1C,PPARG
3DZY,X-RAY DIFFRACTION,3.1,0.268,P37231,NR1C,PPARG
3E00,X-RAY DIFFRACTION,3.1,0.276,P37231,NR1C,PPARG
3ET0,X-RAY DIFFRACTION,2.4,0.2554,P37231,NR1C,PPARG
3ET3,X-RAY DIFFRACTION,1.95,0.236,P37231,NR1C,PPARG
3FEJ,X-RAY DIFFRACTION,2.01,0.24979,P37231,NR1C,PPARG
3FUR,X-RAY DIFFRACTION,2.3,0.2425,P37231,NR1C,PPARG
3G9E,X-RAY DIFFRACTION,2.3,0.262,P37231,NR1C,PPARG
3GBK,X-RAY DIFFRACTION,2.3,0.29785,P37231,NR1C,PPARG
3HOD,X-RAY DIFFRACTION,2.1,0.29,P37231,NR1C,PPARG
3IA6,X-RAY DIFFRACTION,2.31,0.29712,P37231,NR1C,PPARG
3K8S,X-RAY DIFFRACTION,2.55,0.273,P37231,NR1C,PPARG
3KMG,X-RAY DIFFRACTION,2.1,0.23014,P37231,NR1C,PPARG
3LMP,X-RAY DIFFRACTION,1.9,0.242,P37231,NR1C,PPARG
3NOA,X-RAY DIFFRACTION,1.98,0.27482,P37231,NR1C,PPARG
3OSI,X-RAY DIFFRACTION,2.7,0.253,P37231,NR1C,PPARG
3OSW,X-RAY DIFFRACTION,2.55,0.2507,P37231,NR1C,PPARG
3PBA,X-RAY DIFFRACTION,2.3,0.255,P37231,NR1C,PPARG
3PO9,X-RAY DIFFRACTION,2.35,0.2692,P37231,NR1C,PPARG
3PRG,X-RAY DIFFRACTION,2.9,0.271,P37231,NR1C,PPARG
3QT0,X-RAY DIFFRACTION,2.496,0.2768,P37231,NR1C,PPARG
3R5N,X-RAY DIFFRACTION,2.0,0.29304,P37231,NR1C,PPARG
3R8A,X-RAY DIFFRACTION,2.41,0.2807,P37231,NR1C,PPARG
3R8I,X-RAY DIFFRACTION,2.3,0.285,P37231,NR1C,PPARG
3S9S,X-RAY DIFFRACTION,2.55,0.284,P37231,NR1C,PPARG
3SZ1,X-RAY DIFFRACTION,2.3,0.24,P37231,NR1C,PPARG
3T03,X-RAY DIFFRACTION,2.1,0.2466,P37231,NR1C,PPARG
3TY0,X-RAY DIFFRACTION,2.0,0.2728,P37231,NR1C,PPARG
3V9Y,X-RAY DIFFRACTION,2.1,0.252,P37231,NR1C,PPARG
3VJH,X-RAY DIFFRACTION,2.22,0.24689,P37231,NR1C,PPARG
3VJI,X-RAY DIFFRACTION,2.61,0.27967,P37231,NR1C,PPARG
3VSO,X-RAY DIFFRACTION,2.0,0.2567,P37231,NR1C,PPARG
3VSP,X-RAY DIFFRACTION,2.4,0.274,P37231,NR1C,PPARG
3WJ4,X-RAY DIFFRACTION,1.95,0.24122,P37231,NR1C,PPARG
3WJ5,X-RAY DIFFRACTION,1.89,0.24741,P37231,NR1C,PPARG
3WMH,X-RAY DIFFRACTION,2.1,0.2575,P37231,NR1C,PPARG
3X1H,X-RAY DIFFRACTION,2.3,0.26636,P37231,NR1C,PPARG
3X1I,X-RAY DIFFRACTION,2.4,0.27878,P37231,NR1C,PPARG
4A4V,X-RAY DIFFRACTION,2.0,0.25907,P37231,NR1C,PPARG
4A4W,X-RAY DIFFRACTION,2.0,0.23436,P37231,NR1C,PPARG
4E4Q,X-RAY DIFFRACTION,2.5,0.298,P37231,NR1C,PPARG
4EM9,X-RAY DIFFRACTION,2.1,0.2351,P37231,NR1C,PPARG
4EMA,X-RAY DIFFRACTION,2.545,0.2247,P37231,NR1C,PPARG
4F9M,X-RAY DIFFRACTION,1.9,0.254,P37231,NR1C,PPARG
4FGY,X-RAY DIFFRACTION,2.84,0.28537,P37231,NR1C,PPARG
4HEE,X-RAY DIFFRACTION,2.5,0.2578,P37231,NR1C,PPARG
4JAZ,X-RAY DIFFRACTION,2.85,0.2635,P37231,NR1C,PPARG
4JL4,X-RAY DIFFRACTION,2.5,0.2871,P37231,NR1C,PPARG
4L96,X-RAY DIFFRACTION,2.38,0.22585,P37231,NR1C,PPARG
4L98,X-RAY DIFFRACTION,2.28,0.2576,P37231,NR1C,PPARG
4O8F,X-RAY DIFFRACTION,2.6,0.2971,P37231,NR1C,PPARG
4OJ4,X-RAY DIFFRACTION,2.3,0.2837,P37231,NR1C,PPARG
4PRG,X-RAY DIFFRACTION,2.9,0.283,P37231,NR1C,PPARG
4PVU,X-RAY DIFFRACTION,2.6,0.2506,P37231,NR1C,PPARG
4R06,X-RAY DIFFRACTION,2.22,0.24,P37231,NR1C,PPARG
4R2U,X-RAY DIFFRACTION,2.3,0.248,P37231,NR1C,PPARG
4R6S,X-RAY DIFFRACTION,2.301,0.2328,P37231,NR1C,PPARG
4XLD,X-RAY DIFFRACTION,2.45,0.2218,P37231,NR1C,PPARG
4XTA,X-RAY DIFFRACTION,2.5,0.274,P37231,NR1C,PPARG
4XUH,X-RAY DIFFRACTION,2.22,0.2304,P37231,NR1C,PPARG
4XUM,X-RAY DIFFRACTION,2.4,0.2396,P37231,NR1C,PPARG
4Y29,X-RAY DIFFRACTION,1.98,0.2187,P37231,NR1C,PPARG
4YT1,X-RAY DIFFRACTION,2.2,0.2557,P37231,NR1C,PPARG
5DSH,X-RAY DIFFRACTION,2.95,0.25743,P37231,NR1C,PPARG
5DV3,X-RAY DIFFRACTION,2.75,0.22995,P37231,NR1C,PPARG
5DV6,X-RAY DIFFRACTION,2.8,0.24409,P37231,NR1C,PPARG
5DV8,X-RAY DIFFRACTION,2.75,0.24311,P37231,NR1C,PPARG
5DVC,X-RAY DIFFRACTION,2.3,0.241,P37231,NR1C,PPARG
5DWL,X-RAY DIFFRACTION,2.2,0.23825,P37231,NR1C,PPARG
5F9B,X-RAY DIFFRACTION,2.25,0.2805,P37231,NR1C,PPARG
5GTN,X-RAY DIFFRACTION,1.85,0.23165,P37231,NR1C,PPARG
5GTO,X-RAY DIFFRACTION,2.1,0.24247,P37231,NR1C,PPARG
5GTP,X-RAY DIFFRACTION,2.35,0.25809,P37231,NR1C,PPARG
5HZC,X-RAY DIFFRACTION,2.0,0.2695,P37231,NR1C,PPARG
5JI0,X-RAY DIFFRACTION,1.98,0.246,P37231,NR1C,PPARG
5LSG,X-RAY DIFFRACTION,2.0,0.2643,P37231,NR1C,PPARG
5TTO,X-RAY DIFFRACTION,2.246,0.2555,P37231,NR1C,PPARG
5TWO,X-RAY DIFFRACTION,1.927,0.2365,P37231,NR1C,PPARG
5U5L,X-RAY DIFFRACTION,2.55,0.2381,P37231,NR1C,PPARG
5UGM,X-RAY DIFFRACTION,2.1,0.216,P37231,NR1C,PPARG
5WQX,X-RAY DIFFRACTION,2.29,0.27711,P37231,NR1C,PPARG
5WR0,X-RAY DIFFRACTION,2.85,0.29975,P37231,NR1C,PPARG
5WR1,X-RAY DIFFRACTION,2.34,0.25948,P37231,NR1C,PPARG
5Y2O,X-RAY DIFFRACTION,1.801,0.2319,P37231,NR1C,PPARG
5YCN,X-RAY DIFFRACTION,2.15,0.22832,P37231,NR1C,PPARG
5YCP,X-RAY DIFFRACTION,2.0,0.23338,P37231,NR1C,PPARG
5Z5S,X-RAY DIFFRACTION,1.8,0.229,P37231,NR1C,PPARG
5Z6S,X-RAY DIFFRACTION,1.8,0.226,P37231,NR1C,PPARG
6AD9,X-RAY DIFFRACTION,2.2,0.2399,P37231,NR1C,PPARG
6AN1,X-RAY DIFFRACTION,2.687,0.2753,P37231,NR1C,PPARG
6AUG,X-RAY DIFFRACTION,2.73,0.2809,P37231,NR1C,PPARG
6C1I,X-RAY DIFFRACTION,2.26,0.283,P37231,NR1C,PPARG
6C5Q,X-RAY DIFFRACTION,2.404,0.2768,P37231,NR1C,PPARG
6C5T,X-RAY DIFFRACTION,2.75,0.2861,P37231,NR1C,PPARG
6D3E,X-RAY DIFFRACTION,2.395,0.2637,P37231,NR1C,PPARG
6D8X,X-RAY DIFFRACTION,1.9,0.2446,P37231,NR1C,PPARG
6D94,X-RAY DIFFRACTION,1.9,0.2576,P37231,NR1C,PPARG
6DBH,X-RAY DIFFRACTION,2.597,0.2621,P37231,NR1C,PPARG
6DGL,X-RAY DIFFRACTION,1.95,0.2685,P37231,NR1C,PPARG
6DGO,X-RAY DIFFRACTION,3.1,0.276,P37231,NR1C,PPARG
6DGP,X-RAY DIFFRACTION,3.1,0.2939,P37231,NR1C,PPARG
6DGQ,X-RAY DIFFRACTION,2.45,0.2467,P37231,NR1C,PPARG
6DGR,X-RAY DIFFRACTION,2.15,0.2639,P37231,NR1C,PPARG
6DH9,X-RAY DIFFRACTION,2.7,0.25,P37231,NR1C,PPARG
6DHA,X-RAY DIFFRACTION,1.88,0.255,P37231,NR1C,PPARG
6E5A,X-RAY DIFFRACTION,2.4,0.2677,P37231,NR1C,PPARG
6ENQ,X-RAY DIFFRACTION,2.2,0.2714,P37231,NR1C,PPARG
6FZF,X-RAY DIFFRACTION,1.95,0.1944,P37231,NR1C,PPARG
6FZG,X-RAY DIFFRACTION,2.1,0.2084,P37231,NR1C,PPARG
6FZJ,X-RAY DIFFRACTION,2.011,0.226,P37231,NR1C,PPARG
6FZP,X-RAY DIFFRACTION,2.3,0.252,P37231,NR1C,PPARG
6FZY,X-RAY DIFFRACTION,3.1,0.2348,P37231,NR1C,PPARG
6ICJ,X-RAY DIFFRACTION,2.483,0.282,P37231,NR1C,PPARG
6IJR,X-RAY DIFFRACTION,2.85,0.26601,P37231,NR1C,PPARG
6IJS,X-RAY DIFFRACTION,2.15,0.24113,P37231,NR1C,PPARG
6IZM,X-RAY DIFFRACTION,1.8,0.248,P37231,NR1C,PPARG
6JF0,X-RAY DIFFRACTION,3.4,0.29561,P37231,NR1C,PPARG
6JQ7,X-RAY DIFFRACTION,2.55,0.25652,P37231,NR1C,PPARG
6K0T,X-RAY DIFFRACTION,1.84,0.24425,P37231,NR1C,PPARG
6KTM,X-RAY DIFFRACTION,2.7,0.2575,P37231,NR1C,PPARG
6KTN,X-RAY DIFFRACTION,2.752,0.2563,P37231,NR1C,PPARG
6L89,X-RAY DIFFRACTION,2.1,0.2693,P37231,NR1C,PPARG
6L8B,X-RAY DIFFRACTION,2.102,0.2675,P37231,NR1C,PPARG
6MCZ,X-RAY DIFFRACTION,2.1,0.259,P37231,NR1C,PPARG
6MD0,X-RAY DIFFRACTION,1.95,0.273,P37231,NR1C,PPARG
6MD1,X-RAY DIFFRACTION,2.2,0.266,P37231,NR1C,PPARG
6MD2,X-RAY DIFFRACTION,2.2,0.261,P37231,NR1C,PPARG
6MD4,X-RAY DIFFRACTION,2.24,0.2817,P37231,NR1C,PPARG
6O67,X-RAY DIFFRACTION,2.52,0.244,P37231,NR1C,PPARG
6O68,X-RAY DIFFRACTION,2.78,0.2982,P37231,NR1C,PPARG
6ONI,X-RAY DIFFRACTION,1.8,0.2264,P37231,NR1C,PPARG
6ONJ,X-RAY DIFFRACTION,2.3,0.273,P37231,NR1C,PPARG
6PDZ,X-RAY DIFFRACTION,2.1,0.241,P37231,NR1C,PPARG
6QJ5,X-RAY DIFFRACTION,2.0,0.2762,P37231,NR1C,PPARG
6T1V,X-RAY DIFFRACTION,2.21,0.1955,P37231,NR1C,PPARG
6T6B,X-RAY DIFFRACTION,2.8,0.2714,P37231,NR1C,PPARG
6T9C,X-RAY DIFFRACTION,1.95,0.2616,P37231,NR1C,PPARG
6TDC,X-RAY DIFFRACTION,2.328,0.2387,P37231,NR1C,PPARG
6TSG,X-RAY DIFFRACTION,2.98,0.2924,P37231,NR1C,PPARG
6VZL,X-RAY DIFFRACTION,2.07,0.2886,P37231,NR1C,PPARG
6VZM,X-RAY DIFFRACTION,2.4,0.2782,P37231,NR1C,PPARG
6VZN,X-RAY DIFFRACTION,2.3,0.2784,P37231,NR1C,PPARG
6VZO,X-RAY DIFFRACTION,2.27,0.2706,P37231,NR1C,PPARG
6Y3U,X-RAY DIFFRACTION,2.62,0.2536,P37231,NR1C,PPARG
7A7H,X-RAY DIFFRACTION,2.4,0.2553,P37231,NR1C,PPARG
7AHJ,X-RAY DIFFRACTION,2.1,0.2366,P37231,NR1C,PPARG
7AWD,X-RAY DIFFRACTION,1.93,0.2302,P37231,NR1C,PPARG
7CXE,X-RAY DIFFRACTION,2.5,0.2645,P37231,NR1C,PPARG
7CXF,X-RAY DIFFRACTION,2.35,0.2693,P37231,NR1C,PPARG
7CXG,X-RAY DIFFRACTION,1.88,0.2308,P37231,NR1C,PPARG
7CXH,X-RAY DIFFRACTION,2.3,0.257,P37231,NR1C,PPARG
7CXI,X-RAY DIFFRACTION,2.3,0.2761,P37231,NR1C,PPARG
7CXJ,X-RAY DIFFRACTION,2.65,0.2753,P37231,NR1C,PPARG
7CXK,X-RAY DIFFRACTION,2.2,0.2636,P37231,NR1C,PPARG
7CXL,X-RAY DIFFRACTION,2.7,0.255,P37231,NR1C,PPARG
7EFQ,X-RAY DIFFRACTION,2.3,0.2644,P37231,NR1C,PPARG
7JQG,X-RAY DIFFRACTION,2.15,0.27,P37231,NR1C,PPARG
7LOT,X-RAY DIFFRACTION,2.29,0.2592,P37231,NR1C,PPARG
7P4E,X-RAY DIFFRACTION,2.4,0.2684,P37231,NR1C,PPARG
7QB1,X-RAY DIFFRACTION,2.2,0.2494,P37231,NR1C,PPARG
7RLE,X-RAY DIFFRACTION,2.5,0.2749,P37231,NR1C,PPARG
7SQA,X-RAY DIFFRACTION,2.499,0.2855,P37231,NR1C,PPARG
7SQB,X-RAY DIFFRACTION,2.6,0.2608,P37231,NR1C,PPARG
7WGO,X-RAY DIFFRACTION,2.36,0.2253,P37231,NR1C,PPARG
7WGP,X-RAY DIFFRACTION,2.53,0.2686,P37231,NR1C,PPARG
7WGQ,X-RAY DIFFRACTION,2.43,0.2518,P37231,NR1C,PPARG
7WOX,X-RAY DIFFRACTION,3.2,0.2733,P37231,NR1C,PPARG
8ADF,X-RAY DIFFRACTION,2.13,0.2569,P37231,NR1C,PPARG
8AQM,X-RAY DIFFRACTION,2.3,0.2512,P37231,NR1C,PPARG
8AQN,X-RAY DIFFRACTION,1.9,0.2177,P37231,NR1C,PPARG
8ATY,X-RAY DIFFRACTION,1.9,0.201,P37231,NR1C,PPARG
8ATZ,X-RAY DIFFRACTION,1.95,0.2448,P37231,NR1C,PPARG
8B8W,X-RAY DIFFRACTION,1.86,0.2754,P37231,NR1C,PPARG
8B8Y,X-RAY DIFFRACTION,2.0,0.2419,P37231,NR1C,PPARG
8B8Z,X-RAY DIFFRACTION,2.22,0.2478,P37231,NR1C,PPARG
8B90,X-RAY DIFFRACTION,2.1,0.2742,P37231,NR1C,PPARG
8B91,X-RAY DIFFRACTION,2.23,0.2277,P37231,NR1C,PPARG
8BF2,X-RAY DIFFRACTION,2.18,0.2474,P37231,NR1C,PPARG
8BFF,X-RAY DIFFRACTION,2.6,0.2946,P37231,NR1C,PPARG
8C0C,X-RAY DIFFRACTION,2.2,0.2715,P37231,NR1C,PPARG
8CPH,X-RAY DIFFRACTION,2.4,0.26341,P37231,NR1C,PPARG
8CPI,X-RAY DIFFRACTION,2.1,0.28219,P37231,NR1C,PPARG
8CPJ,X-RAY DIFFRACTION,2.4,0.28194,P37231,NR1C,PPARG
8DK4,X-RAY DIFFRACTION,2.6,0.2554,P37231,NR1C,PPARG
8DKN,X-RAY DIFFRACTION,1.95,0.2973,P37231,NR1C,PPARG
8DSY,X-RAY DIFFRACTION,2.95,0.2669,P37231,NR1C,PPARG
8DSZ,X-RAY DIFFRACTION,2.5,0.2687,P37231,NR1C,PPARG
8FHE,X-RAY DIFFRACTION,1.8,0.2286,P37231,NR1C,PPARG
8FHF,X-RAY DIFFRACTION,2.1,0.285,P37231,NR1C,PPARG
8FHG,X-RAY DIFFRACTION,1.8,0.2343,P37231,NR1C,PPARG
8FKD,X-RAY DIFFRACTION,2.22,0.2514,P37231,NR1C,PPARG
8FKE,X-RAY DIFFRACTION,2.02,0.2491,P37231,NR1C,PPARG
8FKF,X-RAY DIFFRACTION,1.82,0.2164,P37231,NR1C,PPARG
8FKG,X-RAY DIFFRACTION,2.12,0.2183,P37231,NR1C,PPARG
8HHP,X-RAY DIFFRACTION,2.45,0.2864,P37231,NR1C,PPARG
8HHQ,X-RAY DIFFRACTION,2.4,0.26627,P37231,NR1C,PPARG
8HUM,X-RAY DIFFRACTION,2.29,0.2504,P37231,NR1C,PPARG
8HUP,X-RAY DIFFRACTION,2.36,0.2338,P37231,NR1C,PPARG
8PBO,X-RAY DIFFRACTION,1.85,0.2128,P37231,NR1C,PPARG
8REJ,X-RAY DIFFRACTION,3.16,0.2664,P37231,NR1C,PPARG
8SC9,X-RAY DIFFRACTION,1.855,0.2411,P37231,NR1C,PPARG
8U57,X-RAY DIFFRACTION,2.0,0.2538,P37231,NR1C,PPARG
8WFE,X-RAY DIFFRACTION,2.2,0.2479,P37231,NR1C,PPARG
8ZFO,X-RAY DIFFRACTION,3.15,0.2961,P37231,NR1C,PPARG
8ZFS,X-RAY DIFFRACTION,2.56,0.2714,P37231,NR1C,PPARG
8ZFT,X-RAY DIFFRACTION,3.2,0.2799,P37231,NR1C,PPARG
9CK0,X-RAY DIFFRACTION,2.6,0.2958,P37231,NR1C,PPARG
9CWN,X-RAY DIFFRACTION,2.7,0.242,P37231,NR1C,PPARG
9GFU,X-RAY DIFFRACTION,2.1,0.2496,P37231,NR1C,PPARG
9HX2,X-RAY DIFFRACTION,2.85,0.2816,P37231,NR1C,PPARG
9IWK,X-RAY DIFFRACTION,2.43,0.2655,P37231,NR1C,PPARG
9L3T,X-RAY DIFFRACTION,2.36,0.2547,P37231,NR1C,PPARG
9O9N,X-RAY DIFFRACTION,2.1,0.2975,P37231,NR1C,PPARG
1A6Y,X-RAY DIFFRACTION,2.3,0.288,P20393,NR1D,NR1D1
1GA5,X-RAY DIFFRACTION,2.4,0.299,P20393,NR1D,NR1D1
3N00,X-RAY DIFFRACTION,2.6,0.26633,P20393,NR1D,NR1D1
8D8I,X-RAY DIFFRACTION,2.504,0.2395,P20393,NR1D,NR1D1
2V0V,X-RAY DIFFRACTION,2.4,0.2195,Q14995,NR1D,NR1D2
2V7C,X-RAY DIFFRACTION,2.4,0.28,Q14995,NR1D,NR1D2
3CQV,X-RAY DIFFRACTION,1.9,0.23541,Q14995,NR1D,NR1D2
4N73,X-RAY DIFFRACTION,1.8662,0.2541,Q14995,NR1D,NR1D2
6WMQ,X-RAY DIFFRACTION,2.55,0.2704,Q14995,NR1D,NR1D2
6WMS,X-RAY DIFFRACTION,2.0,0.2395,Q14995,NR1D,NR1D2
1S0X,X-RAY DIFFRACTION,2.2,0.20874,P35398,NR1F,RORA
4S15,X-RAY DIFFRACTION,1.897,0.2133,P35398,NR1F,RORA
3B0W,X-RAY DIFFRACTION,2.2,0.24922,P51449,NR1F,RORC
3KYT,X-RAY DIFFRACTION,2.35,0.298,P51449,NR1F,RORC
3L0J,X-RAY DIFFRACTION,2.4,0.28295,P51449,NR1F,RORC
4NB6,X-RAY DIFFRACTION,2.85,0.27023,P51449,NR1F,RORC
4NIE,X-RAY DIFFRACTION,2.01,0.24677,P51449,NR1F,RORC
4QM0,X-RAY DIFFRACTION,2.195,0.2287,P51449,NR1F,RORC
4WPF,X-RAY DIFFRACTION,2.202,0.2271,P51449,NR1F,RORC
4WQP,X-RAY DIFFRACTION,1.99,0.18005,P51449,NR1F,RORC
4XT9,X-RAY DIFFRACTION,2.25,0.24489,P51449,NR1F,RORC
4YMQ,X-RAY DIFFRACTION,2.0,0.2385,P51449,NR1F,RORC
4YPQ,X-RAY DIFFRACTION,2.32,0.2292,P51449,NR1F,RORC
4ZJR,X-RAY DIFFRACTION,2.702,0.2227,P51449,NR1F,RORC
4ZJW,X-RAY DIFFRACTION,2.5,0.2503,P51449,NR1F,RORC
4ZOM,X-RAY DIFFRACTION,2.27,0.2397,P51449,NR1F,RORC
5APJ,X-RAY DIFFRACTION,2.08,0.2375,P51449,NR1F,RORC
5APK,X-RAY DIFFRACTION,2.1,0.2241,P51449,NR1F,RORC
5AYG,X-RAY DIFFRACTION,2.6,0.22673,P51449,NR1F,RORC
5C4O,X-RAY DIFFRACTION,2.24,0.251,P51449,NR1F,RORC
5C4S,X-RAY DIFFRACTION,2.23,0.2609,P51449,NR1F,RORC
5C4U,X-RAY DIFFRACTION,2.08,0.2771,P51449,NR1F,RORC
5EJV,X-RAY DIFFRACTION,2.58,0.2308,P51449,NR1F,RORC
5ETH,X-RAY DIFFRACTION,2.803,0.2842,P51449,NR1F,RORC
5G43,X-RAY DIFFRACTION,2.58,0.2642,P51449,NR1F,RORC
5G44,X-RAY DIFFRACTION,1.84,0.2293,P51449,NR1F,RORC
5G45,X-RAY DIFFRACTION,2.07,0.2555,P51449,NR1F,RORC
5IXK,X-RAY DIFFRACTION,2.35,0.2631,P51449,NR1F,RORC
5IZ0,X-RAY DIFFRACTION,2.635,0.2553,P51449,NR1F,RORC
5K38,X-RAY DIFFRACTION,2.05,0.20693,P51449,NR1F,RORC
5K3L,X-RAY DIFFRACTION,2.75,0.2644,P51449,NR1F,RORC
5K3M,X-RAY DIFFRACTION,2.894,0.295,P51449,NR1F,RORC
5K3N,X-RAY DIFFRACTION,2.666,0.2849,P51449,NR1F,RORC
5K6E,X-RAY DIFFRACTION,2.8,0.2593,P51449,NR1F,RORC
5K74,X-RAY DIFFRACTION,2.75,0.2161,P51449,NR1F,RORC
5LWP,X-RAY DIFFRACTION,2.4,0.2533,P51449,NR1F,RORC
5NI5,X-RAY DIFFRACTION,2.3,0.265,P51449,NR1F,RORC
5NI7,X-RAY DIFFRACTION,2.45,0.258,P51449,NR1F,RORC
5NI8,X-RAY DIFFRACTION,1.94,0.262,P51449,NR1F,RORC
5NIB,X-RAY DIFFRACTION,1.82,0.2268,P51449,NR1F,RORC
5NTI,X-RAY DIFFRACTION,2.4,0.2328,P51449,NR1F,RORC
5NTK,X-RAY DIFFRACTION,1.9,0.2459,P51449,NR1F,RORC
5NTN,X-RAY DIFFRACTION,1.9,0.2253,P51449,NR1F,RORC
5NTQ,X-RAY DIFFRACTION,2.26,0.257,P51449,NR1F,RORC
5NU1,X-RAY DIFFRACTION,1.85,0.2561,P51449,NR1F,RORC
5UFO,X-RAY DIFFRACTION,2.802,0.2435,P51449,NR1F,RORC
5UFR,X-RAY DIFFRACTION,2.068,0.2535,P51449,NR1F,RORC
5VB3,X-RAY DIFFRACTION,1.95,0.2298,P51449,NR1F,RORC
5VB5,X-RAY DIFFRACTION,2.226,0.2344,P51449,NR1F,RORC
5VB6,X-RAY DIFFRACTION,2.041,0.2075,P51449,NR1F,RORC
5VB7,X-RAY DIFFRACTION,2.335,0.2161,P51449,NR1F,RORC
5VQK,X-RAY DIFFRACTION,3.1,0.246,P51449,NR1F,RORC
5VQL,X-RAY DIFFRACTION,2.7,0.251,P51449,NR1F,RORC
5W4R,X-RAY DIFFRACTION,3.002,0.245,P51449,NR1F,RORC
5X8Q,X-RAY DIFFRACTION,2.2,0.2411,P51449,NR1F,RORC
5YP5,X-RAY DIFFRACTION,2.65,0.25324,P51449,NR1F,RORC
5YP6,X-RAY DIFFRACTION,2.2,0.25446,P51449,NR1F,RORC
5ZA1,X-RAY DIFFRACTION,2.52,0.2558,P51449,NR1F,RORC
6A22,X-RAY DIFFRACTION,2.55,0.24283,P51449,NR1F,RORC
6B30,X-RAY DIFFRACTION,2.69,0.2344,P51449,NR1F,RORC
6B31,X-RAY DIFFRACTION,3.18,0.2453,P51449,NR1F,RORC
6B33,X-RAY DIFFRACTION,2.48,0.2391,P51449,NR1F,RORC
6BN6,X-RAY DIFFRACTION,2.4,0.225,P51449,NR1F,RORC
6BR2,X-RAY DIFFRACTION,3.18,0.2271,P51449,NR1F,RORC
6BR3,X-RAY DIFFRACTION,3.0,0.2387,P51449,NR1F,RORC
6CN5,X-RAY DIFFRACTION,2.3,0.2222,P51449,NR1F,RORC
6CN6,X-RAY DIFFRACTION,2.45,0.2407,P51449,NR1F,RORC
6E3E,X-RAY DIFFRACTION,2.47,0.2135,P51449,NR1F,RORC
6E3G,X-RAY DIFFRACTION,2.1,0.2431,P51449,NR1F,RORC
6ESN,X-RAY DIFFRACTION,1.84,0.2607,P51449,NR1F,RORC
6FGQ,X-RAY DIFFRACTION,2.37,0.242,P51449,NR1F,RORC
6FZU,X-RAY DIFFRACTION,1.8,0.2512,P51449,NR1F,RORC
6G05,X-RAY DIFFRACTION,1.9,0.2483,P51449,NR1F,RORC
6IVX,X-RAY DIFFRACTION,2.35,0.19841,P51449,NR1F,RORC
6J1L,X-RAY DIFFRACTION,2.3,0.2259,P51449,NR1F,RORC
6J3N,X-RAY DIFFRACTION,1.99,0.2333,P51449,NR1F,RORC
6LO9,X-RAY DIFFRACTION,1.8600494706,0.226875138836,P51449,NR1F,RORC
6LOA,X-RAY DIFFRACTION,2.50003303865,0.253503600782,P51449,NR1F,RORC
6LOB,X-RAY DIFFRACTION,2.40006662577,0.25068052509,P51449,NR1F,RORC
6LOC,X-RAY DIFFRACTION,2.20014861503,0.250843150748,P51449,NR1F,RORC
6NAD,X-RAY DIFFRACTION,2.90197076582,0.234235386697,P51449,NR1F,RORC
6NWS,X-RAY DIFFRACTION,2.44,0.2974,P51449,NR1F,RORC
6NWT,X-RAY DIFFRACTION,2.35,0.2137,P51449,NR1F,RORC
6NWU,X-RAY DIFFRACTION,3.2,0.276,P51449,NR1F,RORC
6O3Z,X-RAY DIFFRACTION,2.4,0.2465,P51449,NR1F,RORC
6O98,X-RAY DIFFRACTION,2.29,0.276,P51449,NR1F,RORC
6P9F,X-RAY DIFFRACTION,2.8,0.223,P51449,NR1F,RORC
6Q2W,X-RAY DIFFRACTION,1.99,0.2324,P51449,NR1F,RORC
6Q6M,X-RAY DIFFRACTION,2.35,0.2708,P51449,NR1F,RORC
6Q6O,X-RAY DIFFRACTION,2.3,0.2431,P51449,NR1F,RORC
6Q7A,X-RAY DIFFRACTION,2.2,0.2509,P51449,NR1F,RORC
6Q7H,X-RAY DIFFRACTION,2.3,0.2491,P51449,NR1F,RORC
6R7A,X-RAY DIFFRACTION,2.13,0.237,P51449,NR1F,RORC
6R7J,X-RAY DIFFRACTION,1.84,0.2492,P51449,NR1F,RORC
6SLZ,X-RAY DIFFRACTION,2.2,0.278,P51449,NR1F,RORC
6T4G,X-RAY DIFFRACTION,1.93,0.2131,P51449,NR1F,RORC
6T4I,X-RAY DIFFRACTION,1.84,0.215,P51449,NR1F,RORC
6T4K,X-RAY DIFFRACTION,1.89,0.2049,P51449,NR1F,RORC
6T4U,X-RAY DIFFRACTION,2.0,0.2281,P51449,NR1F,RORC
6T4Y,X-RAY DIFFRACTION,1.95,0.2151,P51449,NR1F,RORC
6T50,X-RAY DIFFRACTION,1.87,0.21,P51449,NR1F,RORC
6TLM,X-RAY DIFFRACTION,2.321,0.252,P51449,NR1F,RORC
6TLT,X-RAY DIFFRACTION,2.11,0.235,P51449,NR1F,RORC
6U25,X-RAY DIFFRACTION,2.61,0.247,P51449,NR1F,RORC
6UCG,X-RAY DIFFRACTION,2.87,0.2604,P51449,NR1F,RORC
6VQF,X-RAY DIFFRACTION,2.0,0.241,P51449,NR1F,RORC
6VSW,X-RAY DIFFRACTION,3.202,0.2313,P51449,NR1F,RORC
6W9H,X-RAY DIFFRACTION,1.995,0.2579,P51449,NR1F,RORC
6XAE,X-RAY DIFFRACTION,2.257,0.265,P51449,NR1F,RORC
6XFV,X-RAY DIFFRACTION,2.15,0.277,P51449,NR1F,RORC
7E3M,X-RAY DIFFRACTION,2.8,0.2693,P51449,NR1F,RORC
7JH2,X-RAY DIFFRACTION,2.367,0.2252,P51449,NR1F,RORC
7JTM,X-RAY DIFFRACTION,2.43,0.2509,P51449,NR1F,RORC
7JTW,X-RAY DIFFRACTION,1.9,0.2331,P51449,NR1F,RORC
7JYM,X-RAY DIFFRACTION,3.051,0.2637,P51449,NR1F,RORC
7KCO,X-RAY DIFFRACTION,1.86,0.2313,P51449,NR1F,RORC
7KQJ,X-RAY DIFFRACTION,2.645,0.2541,P51449,NR1F,RORC
7KXE,X-RAY DIFFRACTION,2.42,0.2414,P51449,NR1F,RORC
7KXF,X-RAY DIFFRACTION,2.141,0.2341,P51449,NR1F,RORC
7LUK,X-RAY DIFFRACTION,2.087,0.2339,P51449,NR1F,RORC
7NEC,X-RAY DIFFRACTION,1.95,0.2352,P51449,NR1F,RORC
7NP6,X-RAY DIFFRACTION,1.84,0.2452,P51449,NR1F,RORC
7OFI,X-RAY DIFFRACTION,1.953,0.2269,P51449,NR1F,RORC
7QP4,X-RAY DIFFRACTION,2.3,0.2373,P51449,NR1F,RORC
7W3Q,X-RAY DIFFRACTION,2.0,0.2651,P51449,NR1F,RORC
7XQE,X-RAY DIFFRACTION,2.57,0.2769,P51449,NR1F,RORC
8FAV,X-RAY DIFFRACTION,1.85,0.2326,P51449,NR1F,RORC
8FB1,X-RAY DIFFRACTION,2.18,0.25257,P51449,NR1F,RORC
8FB2,X-RAY DIFFRACTION,2.3,0.2299,P51449,NR1F,RORC
8GXP,X-RAY DIFFRACTION,2.45,0.2617,P51449,NR1F,RORC
8X7E,X-RAY DIFFRACTION,2.3,0.2632,P51449,NR1F,RORC
8XU5,X-RAY DIFFRACTION,3.5,0.2493,P51449,NR1F,RORC
9VNX,X-RAY DIFFRACTION,1.93,0.2182,P51449,NR1F,RORC
1P8D,X-RAY DIFFRACTION,2.8,0.277,P55055,NR1H,LXRb
1PQ6,X-RAY DIFFRACTION,2.4,0.26237,P55055,NR1H,LXRb
1PQ9,X-RAY DIFFRACTION,2.1,0.25441,P55055,NR1H,LXRb
1PQC,X-RAY DIFFRACTION,2.8,0.2617,P55055,NR1H,LXRb
1UPV,X-RAY DIFFRACTION,2.1,0.274,P55055,NR1H,LXRb
1UPW,X-RAY DIFFRACTION,2.4,0.295,P55055,NR1H,LXRb
3KFC,X-RAY DIFFRACTION,2.4,0.28384,P55055,NR1H,LXRb
3L0E,X-RAY DIFFRACTION,2.3,0.23661,P55055,NR1H,LXRb
4DK7,X-RAY DIFFRACTION,2.45,0.27,P55055,NR1H,LXRb
4DK8,X-RAY DIFFRACTION,2.75,0.278,P55055,NR1H,LXRb
4NQA,X-RAY DIFFRACTION,3.102,0.2178,P55055,NR1H,LXRb
4RAK,X-RAY DIFFRACTION,2.04,0.27068,P55055,NR1H,LXRb
5HJP,X-RAY DIFFRACTION,2.6,0.2826,P55055,NR1H,LXRb
5I4V,X-RAY DIFFRACTION,2.61,0.24815,P55055,NR1H,LXRb
5JY3,X-RAY DIFFRACTION,2.4,0.2678,P55055,NR1H,LXRb
5KYA,X-RAY DIFFRACTION,2.598,0.24851,P55055,NR1H,LXRb
5KYJ,X-RAY DIFFRACTION,2.8,0.2528,P55055,NR1H,LXRb
6JIO,X-RAY DIFFRACTION,2.6,0.28478,P55055,NR1H,LXRb
6K9G,X-RAY DIFFRACTION,2.8,0.2811,P55055,NR1H,LXRb
6K9H,X-RAY DIFFRACTION,2.5,0.28738,P55055,NR1H,LXRb
6K9M,X-RAY DIFFRACTION,2.9,0.27963,P55055,NR1H,LXRb
6S4N,X-RAY DIFFRACTION,1.9,0.245,P55055,NR1H,LXRb
6S4T,X-RAY DIFFRACTION,2.0,0.2381,P55055,NR1H,LXRb
6S4U,X-RAY DIFFRACTION,2.81,0.2798,P55055,NR1H,LXRb
3IPQ,X-RAY DIFFRACTION,2.0,0.23358,Q13133,NR1H,LXRa
3IPU,X-RAY DIFFRACTION,2.4,0.29101,Q13133,NR1H,LXRa
5AVI,X-RAY DIFFRACTION,2.7,0.27398,Q13133,NR1H,LXRa
5AVL,X-RAY DIFFRACTION,2.8,0.2427,Q13133,NR1H,LXRa
1OSH,X-RAY DIFFRACTION,1.8,0.234,Q96RI1,NR1H,FXR
3BEJ,X-RAY DIFFRACTION,1.9,0.254,Q96RI1,NR1H,FXR
3DCT,X-RAY DIFFRACTION,2.5,0.24,Q96RI1,NR1H,FXR
3DCU,X-RAY DIFFRACTION,2.95,0.228,Q96RI1,NR1H,FXR
3FLI,X-RAY DIFFRACTION,2.0,0.24254,Q96RI1,NR1H,FXR
3FXV,X-RAY DIFFRACTION,2.26,0.2421,Q96RI1,NR1H,FXR
3GD2,X-RAY DIFFRACTION,3.2,0.297,Q96RI1,NR1H,FXR
3HC5,X-RAY DIFFRACTION,2.6,0.269,Q96RI1,NR1H,FXR
3HC6,X-RAY DIFFRACTION,3.2,0.287,Q96RI1,NR1H,FXR
3L1B,X-RAY DIFFRACTION,1.9,0.2705,Q96RI1,NR1H,FXR
3OKH,X-RAY DIFFRACTION,2.5,0.2734,Q96RI1,NR1H,FXR
3OKI,X-RAY DIFFRACTION,2.0,0.2799,Q96RI1,NR1H,FXR
3OLF,X-RAY DIFFRACTION,1.9,0.2381,Q96RI1,NR1H,FXR
3OMK,X-RAY DIFFRACTION,1.9,0.2449,Q96RI1,NR1H,FXR
3OMM,X-RAY DIFFRACTION,2.1,0.2563,Q96RI1,NR1H,FXR
3OOF,X-RAY DIFFRACTION,2.29,0.2548,Q96RI1,NR1H,FXR
3OOK,X-RAY DIFFRACTION,2.29,0.2709,Q96RI1,NR1H,FXR
3P88,X-RAY DIFFRACTION,2.95,0.2889,Q96RI1,NR1H,FXR
3P89,X-RAY DIFFRACTION,2.3,0.2547,Q96RI1,NR1H,FXR
3RUT,X-RAY DIFFRACTION,3.0,0.2658,Q96RI1,NR1H,FXR
3RUU,X-RAY DIFFRACTION,2.502,0.2534,Q96RI1,NR1H,FXR
3RVF,X-RAY DIFFRACTION,3.1,0.2903,Q96RI1,NR1H,FXR
4QE8,X-RAY DIFFRACTION,2.62,0.273,Q96RI1,NR1H,FXR
5IAW,X-RAY DIFFRACTION,2.58,0.2491,Q96RI1,NR1H,FXR
5ICK,X-RAY DIFFRACTION,2.47,0.2771,Q96RI1,NR1H,FXR
5Q0J,X-RAY DIFFRACTION,2.0,0.2471,Q96RI1,NR1H,FXR
5Q0K,X-RAY DIFFRACTION,1.8,0.271,Q96RI1,NR1H,FXR
5Q0L,X-RAY DIFFRACTION,2.5,0.263,Q96RI1,NR1H,FXR
5Q0M,X-RAY DIFFRACTION,2.2,0.2615,Q96RI1,NR1H,FXR
5Q0N,X-RAY DIFFRACTION,2.4,0.226,Q96RI1,NR1H,FXR
5Q0O,X-RAY DIFFRACTION,1.9,0.222,Q96RI1,NR1H,FXR
5Q0P,X-RAY DIFFRACTION,1.8,0.254,Q96RI1,NR1H,FXR
5Q0Q,X-RAY DIFFRACTION,2.6,0.295,Q96RI1,NR1H,FXR
5Q0R,X-RAY DIFFRACTION,1.91,0.244,Q96RI1,NR1H,FXR
5Q0S,X-RAY DIFFRACTION,2.5,0.26,Q96RI1,NR1H,FXR
5Q0T,X-RAY DIFFRACTION,2.14,0.259,Q96RI1,NR1H,FXR
5Q0U,X-RAY DIFFRACTION,1.9,0.218,Q96RI1,NR1H,FXR
5Q0V,X-RAY DIFFRACTION,1.87,0.238,Q96RI1,NR1H,FXR
5Q0W,X-RAY DIFFRACTION,1.9,0.254,Q96RI1,NR1H,FXR
5Q0X,X-RAY DIFFRACTION,2.26,0.233,Q96RI1,NR1H,FXR
5Q0Y,X-RAY DIFFRACTION,2.2,0.22,Q96RI1,NR1H,FXR
5Q0Z,X-RAY DIFFRACTION,2.26,0.258,Q96RI1,NR1H,FXR
5Q10,X-RAY DIFFRACTION,2.2,0.243,Q96RI1,NR1H,FXR
5Q11,X-RAY DIFFRACTION,2.2,0.223,Q96RI1,NR1H,FXR
5Q12,X-RAY DIFFRACTION,2.0,0.233,Q96RI1,NR1H,FXR
5Q13,X-RAY DIFFRACTION,1.9,0.226,Q96RI1,NR1H,FXR
5Q14,X-RAY DIFFRACTION,1.85,0.247,Q96RI1,NR1H,FXR
5Q15,X-RAY DIFFRACTION,1.9,0.255,Q96RI1,NR1H,FXR
5Q16,X-RAY DIFFRACTION,2.0,0.284,Q96RI1,NR1H,FXR
5Q17,X-RAY DIFFRACTION,2.1,0.267,Q96RI1,NR1H,FXR
5Q18,X-RAY DIFFRACTION,1.9,0.24,Q96RI1,NR1H,FXR
5Q19,X-RAY DIFFRACTION,1.98,0.237,Q96RI1,NR1H,FXR
5Q1A,X-RAY DIFFRACTION,2.0,0.235,Q96RI1,NR1H,FXR
5Q1B,X-RAY DIFFRACTION,2.3,0.236,Q96RI1,NR1H,FXR
5Q1C,X-RAY DIFFRACTION,2.3,0.264,Q96RI1,NR1H,FXR
5Q1D,X-RAY DIFFRACTION,1.89,0.244,Q96RI1,NR1H,FXR
5Q1E,X-RAY DIFFRACTION,1.85,0.223,Q96RI1,NR1H,FXR
5Q1F,X-RAY DIFFRACTION,2.3,0.245,Q96RI1,NR1H,FXR
5Q1G,X-RAY DIFFRACTION,2.0,0.254,Q96RI1,NR1H,FXR
5Q1H,X-RAY DIFFRACTION,2.2,0.218,Q96RI1,NR1H,FXR
5Q1I,X-RAY DIFFRACTION,1.95,0.225,Q96RI1,NR1H,FXR
5WZX,X-RAY DIFFRACTION,2.95,0.2625,Q96RI1,NR1H,FXR
5Y1J,X-RAY DIFFRACTION,2.0,0.2378,Q96RI1,NR1H,FXR
5Y44,X-RAY DIFFRACTION,2.35,0.2706,Q96RI1,NR1H,FXR
5Y49,X-RAY DIFFRACTION,2.4,0.2528,Q96RI1,NR1H,FXR
5YXB,X-RAY DIFFRACTION,2.95,0.2821,Q96RI1,NR1H,FXR
5YXD,X-RAY DIFFRACTION,2.98,0.2677,Q96RI1,NR1H,FXR
5YXJ,X-RAY DIFFRACTION,2.62,0.2477,Q96RI1,NR1H,FXR
5YXL,X-RAY DIFFRACTION,2.24,0.2233,Q96RI1,NR1H,FXR
5Z12,X-RAY DIFFRACTION,2.75,0.2901,Q96RI1,NR1H,FXR
6A5W,X-RAY DIFFRACTION,2.88,0.2624,Q96RI1,NR1H,FXR
6A5X,X-RAY DIFFRACTION,2.6,0.251,Q96RI1,NR1H,FXR
6A5Y,X-RAY DIFFRACTION,2.1,0.241,Q96RI1,NR1H,FXR
6A5Z,X-RAY DIFFRACTION,2.95,0.282,Q96RI1,NR1H,FXR
6A60,X-RAY DIFFRACTION,3.05,0.2883,Q96RI1,NR1H,FXR
6ITM,X-RAY DIFFRACTION,2.5,0.2418,Q96RI1,NR1H,FXR
7D42,X-RAY DIFFRACTION,2.697,0.269,Q96RI1,NR1H,FXR
7TRB,X-RAY DIFFRACTION,2.15,0.256,Q96RI1,NR1H,FXR
7VUE,X-RAY DIFFRACTION,2.601,0.2687,Q96RI1,NR1H,FXR
8HD3,X-RAY DIFFRACTION,2.29,0.2506,Q96RI1,NR1H,FXR
9LQ3,X-RAY DIFFRACTION,2.8,0.2929,Q96RI1,NR1H,FXR
